<?xml version="1.0" encoding="utf-8" ?>
<dwsync>
<file name="Slide1.jpg" server="ftp.giftlelo.com//www/cart3/" local="128797218635781248" remote="128798466000000000" />
<file name="Slide2.jpg" server="ftp.giftlelo.com//www/cart3/" local="128797038500000000" remote="128798466600000000" />
<file name="Slide3.jpg" server="ftp.giftlelo.com//www/cart3/" local="128803236372500000" remote="128802858600000000" />
<file name="Slide4.jpg" server="ftp.giftlelo.com//www/cart3/" local="128796830764218750" remote="128798466600000000" />
<file name="Slide5.jpg" server="ftp.giftlelo.com//www/cart3/" local="128796854937031250" remote="128798466600000000" />
<file name="Slide6.jpg" server="ftp.giftlelo.com//www/cart3/" local="128797216981875008" remote="128798466600000000" />
<file name="Slide7.jpg" server="ftp.giftlelo.com//www/cart3/" local="128797032716875000" remote="128798466600000000" />
<file name="Slide2.jpg" server="ftp.giftlelo.com//www/" local="128797038500000000" remote="128855509200000000" />
<file name="Slide3.jpg" server="ftp.giftlelo.com//www/" local="128854967102031248" remote="128855509200000000" />
<file name="Slide4.jpg" server="ftp.giftlelo.com//www/" local="128854967000585936" remote="128855509800000000" />
<file name="Slide5.jpg" server="ftp.giftlelo.com//www/" local="128854966862500000" remote="128855509800000000" />
<file name="Slide6.jpg" server="ftp.giftlelo.com//www/" local="128854966501406240" remote="128855509800000000" />
<file name="Slide7.jpg" server="ftp.giftlelo.com//www/" local="128797032716875000" remote="128855509800000000" />
</dwsync>